sentence,sentiment,agreement
"The international electronic industry company Elcoteq has laid off tens of employees from its Tallinn facility ; contrary to earlier layoffs the company contracted the ranks of its office workers , the daily Postimees reported .",negative,50
FINANCING OF ASPOCOMP 'S GROWTH Aspocomp is aggressively pursuing its growth strategy by increasingly focusing on technologically more demanding HDI printed circuit boards PCBs .,positive,50
"( Filippova ) A trilateral agreement on investment in the construction of a technology park in St Petersburg was to have been signed in the course of the forum , Days of the Russian Economy , that opened in Helsinki today .",positive,50
"Sales for both the Department Store Division and Hobby Hall increased by 7 % , while sales for the clothing store subsidiary Seppala decreased by 4 % .",positive,50
"`` The new agreement is a continuation to theagreement signed earlier this year with the Lemminkainen Group , whereby Cramo acquired the entire construction machine fleet ofLemminkainen Talo Oy Ita - ja Pohjois Suomo , and signed asimilar agreement , '' said Tatu Hauhio , managing director ofCramo Finland .",neutral,50
"At first the contract envisaged the construction of three ferryboats with an option for two more units , further confirmed at a total value of 500 mln euro ( $ 645.8 mln ) .",positive,50
Sponda Plc Stock Exchange Release 5 December 2006 at 15.45 EUR 1.5 BILLION SYNDICATED CREDIT FACILITY FOR SPONDA Sponda has signed an agreement for a one-year syndicated credit facility for a total of EUR 1.5 billion .,positive,50
"The contract covers HDO platform , AC800 and CXE880 optical Fttb nodes designed to increase the forward and return path capacity of the transmission networks .",positive,50
"- So , the sales growth of cars considerably influence on the tires market '' .",neutral,50
"Finnish real estate investor Sponda Plc said on Wednesday 12 March that it has signed agreements with Danske Bank A-S , Helsinki Branch for a 7-year EUR150m credit facility and with Ilmarinen Mutual Pension Insurance Company for a 7-year EUR50m credit facility .",neutral,50
TELECOMWORLDWIRE-7 April 2006-TJ Group Plc sells stake in Morning Digital Design Oy Finnish IT company TJ Group Plc said on Friday 7 April that it had signed an agreement on selling its shares of Morning Digital Design Oy to Edita Oyj .,neutral,50
The fuel purchase contracts have been signed with three months ' delivery from this September to November .,neutral,50
"The circuit 's overall production rate on a weekly basis is now in excess of an average of 40,000 tonnes per day , with volumes in excess of 50,000 tonnes per day being reached on individual days .",positive,50
"`` The priority for 2009 was to strengthen the company 's balance sheet and increase cash flow , '' CEO Hannu Krook said .",positive,50
"A structures BIM ( building information modeling ) software from Tekla , a model-based software provider , has been adopted for the construction management and delivery of a university project in Abu Dhabi .",neutral,50
"Editor 's note : Grimaldi generated a 1.7 bln euro ( $ 2.182 bln ) turnover in 2005 , ANSA reported on May 29 , 2006 .",neutral,50
"M-real generated a turnover of EUR5 .6 bn in 2006 and has 15,500 employees .",neutral,50
Previously the company has estimated its operating profit to reach the level of 2005 only .,positive,50
The increase in capital stock has been registered in the Finnish Trade Register on 20 November 2006 .,positive,50
Vacon will supply drives to Ruselprom in the power range from 200 kW up to 2 MW .,neutral,50
Componenta 's objective with this agreement is to increase business on its existing production lines .,positive,50
"GeoSentric Oyj s GeoSolutions Business Unit GyPSii , the mobile digital lifestyle application and geo-mobility social networking platform , has signed an agreement with Nanjing MyNet to make the GyPSii mobile social networking platform available to customers of China Mobile .",positive,50
"Olvi 's target is to strengthen its market share in soft drinks , mineral waters , ciders , long drinks , and energy drinks .",neutral,50
The Finnish company Stockmann has signed the contract with the company Technopolis .,neutral,50
"As previously announced , GeoSentric Oyj entered into financing agreements with its lead investor on June 30 , 2010 enabling the Company to receive financing up to the aggregate amount of 6M .",neutral,50
"Lemminkainen Oyj said that it has signed credit agreements with Nordea Bank STO : NDA , Pohjola Bank HEL : POH1S , Sampo Bank HEL : SAMAS and Svenska Handelsbanken STO : SHB A .",neutral,50
Pohjola could increase its stake to 45 % in 2013 .,neutral,50
Scandic Feed will also diversify Tosno 's product portfolio further .,neutral,50
The agreement with JM is one in a series of contracts that TeliaSonera has signed in recent months with residential construction and real estate management companies in Sweden .,neutral,50
The company intends to raise production capacity in 2006 .,positive,50
"Thereby , the company will expand its offering to North , Central and South America .",positive,50
A tinyurl link takes users to a scamming site promising that users can earn thousands of dollars by becoming a Google ( NASDAQ : GOOG ) Cash advertiser .,negative,50
"Biohit , Inc. , has expanded its mLINE Family of Pipettors with the addition of the NEW 1-10 ml volume range .",neutral,50
"Capman , the Finnish alternative asset manager , has made an acquisition for its Helsinki-focused vehicle , Real Estate Fund I. The fund has bought a seven-story office built in 1973 that underwent refurbishment at the end of the 1990s .",neutral,50
"Compared with the FTSE 100 index , which rose 36.7 points ( or 0.6 % ) on the day , this was a relative price change of -0.2 % .",negative,50
"Compared with the FTSE 100 index , which rose 51.5 points ( or 0.9 % ) on the day , this was a relative price change of -0.6 % .",neutral,50
"Deliveries are to start later in 2010 , and the volume will increase in the years 2011-2012 .",neutral,50
Finnish business software group AffectoGenimap Oyj said it had signed an agreement to acquire all the shares in Swedish sector company Intellibis Ab for 12 mln euro ( $ 15.8 mln ) on a debt-free basis .,positive,50
"Finnish heat-retaining fireplaces maker Tulikivi Oyj said on August 29 , 2007 that its local tiled stoves and utility ceramics subsidiary Kermansavi Oy will merge into Tulikivi by means of absorption in order to streamline the latest 's corporate structure .",neutral,50
"Finnish silicon wafers manufacturer Okmetic Oyj said on June 29 , 2007 it signed an agreement with Nordea Bank Finland Plc , the local subsidiary of Swedish commercial bank Nordea Bank AB , which will refinance Okmetic 's syndicated bank facility which amounts to some 20 mln euro ( $ 26.9 mln ) .",positive,50
"is planning to expand its product portfolio in the harbor segment , chief executive Pekka Lundmark told Financial Times Deutschland .",positive,50
Ramirent s Danish subsidiary Ramirent A-S has today signed an agreement to acquire the business assets of the machinery rental company Jydsk Materiel Udlejning located in West Jutland .,positive,50
"Takoma will carry out the transaction by acquiring the entire share capital of Moventas Parkano Oy , which runs the factory in Parkano , southern Finland .",neutral,50
"The building owner and developer , Sun Hung Kai Properties Group , is one of the largest property companies in Hong Kong , developing all types of premium residential and commercial projects for sale and investment .",neutral,50
The company has committed to further expanding the Apollo portfolio .,positive,50
"The contract , which was signed yesterday , will run for five years and includes a two-year extension option .",neutral,50
The contracts have been signed to acquire uranium produced at the Sotkamo nickel-zinc mine in eastern Finland owned by Talvivaara .,positive,50
"The OMX Nordic 40 ( OMXN40 ) index , comprising the 40 most traded Nordic stocks on the Nasdaq OMX exchange , closed up 1.29 % at 1,084.47 points on Friday .",positive,50
TietoEnator signed an agreement to acquire Indian research and development ( R&D ) services provider and turnkey software solutions developer Fortuna Technologies Pvt. Ltd. for 21 mln euro ( $ 30.3 mln ) in September 2007 .,neutral,50
"Vaisala Oyj Press Release September 30 , 2010 Vaisala has signed a contract to sell its oxygen measurement technology and business to SICK Maihak GmbH .",positive,50
"`` Lidskoe Pivo 's investment program foresees the integrated modernization of production , updating transport and logistics infrastructure and developing new marketing instruments , '' Mikshis said .",positive,50
`` The sale of the oxygen measurement business strengthens our goal to focus on our chosen market segments .,neutral,50
Finnish house manufacturers are targeting the strongly growing one-family house market in Russia .,neutral,50
"As the largest elevator market in the world , Chinese output of elevators continued to rise to 262,000 units in 2009 , up about 5 % yr-on-yr .",positive,50
Finnish paper maker UPM-Kymmene Corp. on Monday announced the sale of its wrapping unit Walki Wisa to the CapMan investment group in a move to further concentrate on its core business .,neutral,50
"In August , Latvijas Finieris ordered all production lines for a new green veneer mill to be built in Ukmerge , Lithuania .",neutral,50
It delivers a different user experience and enables us to widen the market we can address . '',positive,50
One of the challenges in the oil production in the North Sea is scale formation that can plug pipelines and halt production .,negative,50
Sanoma will continue to focus on investing in digital media and on strengthening its market positions .,neutral,50
SysOpen Digia had signed an agreement with the main shareholders of Sentera holding in total 77.39 % of the share capital and votes of Sentera .,positive,50
"The corresponding share capital increase , EUR 1,012,945.50 was entered in the Trade Register today .",neutral,50
"The decision to sell a share in Lenenergo was reached in line with Fortum 's strategic plans to invest mainly in generating assets in Russia , while Lenenergo is a grid company , the press release said .",positive,50
"The equipment will expand container handling capacity at Namibia 's main port of Walvis Bay , on the west coast .",positive,50
The expansion includes the doubling of the floor space and the addition of more lifting capacity and production equipment .,positive,50
"The subscriptions increase Cargotec 's share capital by EUR 27,060 .",positive,50
"The total area of the Gorelovo plant is about 22,000 sq m. Atria invested about EURO 70mn in the plant , which should double Atria Russia 's production capacity in the St Petersburg area .",positive,50
U.S. District Judge Douglas P. Woodlock yesterday extended a Jan. 17 temporary restraining order until March 7 .,neutral,50
"With this subscription , Fortum 's ownership in TGK-10 has increased to slightly over 76 % of shares and voting rights .",neutral,50
Nokian Capacitors ' equipment will be used to raise the capacity and reliability of the Indian grid .,positive,50
"To prove the efficiency of the China Mobile system , Rod Baber , an English climber , climbed to the Mount Everest summit and successfully made calls .",positive,50
Patrizia adds the acquisition to a portfolio already worth EUR3bn .,neutral,50
"Ponsse plans to create a network that is based on strong partnership , and participates in the production of larger entities than presently .",neutral,50
"On January 29 , 2009 The largest Nordic bank Nordea and Finnish retail chain Stockmann launched a regionally unique cooperation project : they are the first to introduce a common MasterCard credit card enabling payments in different states and stores .",neutral,50
"QPR has an established international customer base , spread over 70 countries in 2009 , and a variety of organizations including banks , manufacturing companies , service companies and government authorities .",neutral,50
"Selects Third Party Logistics Leader Transplace for Best-in-Class Technology , Procurement Capabilities ; Leading Specialty Packaging Manufacturer Employs Complete 3PL Solution for Supply Chain Visibility and Transportation Efficiency to Increase Service Levels and On-Time Deliveries",positive,50
4G allows customers to use mobile broadband services with speeds up to ten times higher than with today 's 3G .,positive,50
Cameco is to provide an upfront investment of up to USD 60mn for the construction of the uranium extraction circuit .,neutral,50
`` Ixonos has a rich heritage in developing leadership experiences in the smartphone segment .,positive,50
18 January 2010 - Finnish IT consultancy Trainers ' House Oyj HEL : TRH1V said last Friday it resolved to issue a EUR5m hybrid bond to domestic investors in a bid to strengthen its capital structure .,positive,50
hybrid bond 18 January 2010 - Finnish IT consultancy Trainers ' House Oyj HEL : TRH1V said last Friday it resolved to issue a EUR5m hybrid bond to domestic investors in a bid to strengthen its capital structure .,neutral,50
We look forward to helping the company develop its operational services and further digitalize its services for its customers . '',positive,50
UPM-Kymmene is working closely with its shipping agents to reduce fuel consumption and greenhouse gas emissions .,positive,50
"A state program has been worked out , legal provisions have been developed , and rules and normative documents have been specified for the functioning of a technological park .",neutral,50
"Neste Oil said it will build a biodiesel production facility in Rotterdam , the Netherlands , at an estimated cost of 670 million euros , naming France-based Technip as the project 's main contractor .",neutral,50
The European Central Bank ECB is anticipated to raise its benchmark interest rate in the second half of 2011 at the earliest .,neutral,50
"Asimilar agreement was signed between China Mobile Ltd. ( SEHK : 0941 and NYSE : CHL ) , the largest mobile carrier , and theGPS and social networking service provider , promoting GyPSii service before Beijing 2008 Olympic Games , according to thelatest news .",positive,50
"Finnish industrial investor Panostaja Oyj OMX Helsinki : PNAAS OMX Helsinki : PNABS said on Friday 11 July that it has signed a deal to acquire the entire share capital of Kospa Oy , the manufacturer of waste disposal equipment .",positive,50
Both loans will be used to finance strategic investments such as shopping center redevelopment projects and refinancing of maturing debt .,positive,50
"Mobile phone sales rose 25 % to 5.87 billion euros , while enterprise solution sales dropped 39 % to 186 million euros .",positive,50
"` Patja has worked well for us for more than a decade , and Fujitsu 's new bid was competitive .",neutral,50
"During the past decade it has gradually divested noncore assets and bought several sports equipment makers , including California-based Fitness Products International and Sparks , Nevada-based ATEC , a leading maker of baseball and softball pitching machines .",positive,50
In 2005 Cargotec 's net sales exceeded EUR 2.3 billion .,neutral,50
"The company estimates that the trend in demand for sports equipment will be steady in 2006 , '' Amer 's report said .",positive,50
The goal will be achieved via organic growth possibly supplemented by acquisitions .,neutral,50
The Group 's business is balanced by its broad portfolio of sports and presence in all major markets .,neutral,50
"`` Our customers now have the chance to make bookings for all the services they want at one location , '' said Mikko Tuomainen , in-charge of Finnair 's Internet ( sales ) .",positive,50
16 February 2011 - Finnish industrial machinery company Metso Oyj ( HEL : MEO1V ) said today it will deliver minerals processing equipment and basic engineering to Canadian miner Northland Resources ( OSL : NAUR ) ( TSE : NAU ) .,positive,50
"An estimated 30 pct of mobile calls are made from the home , and France Telecom hopes that 15 pct of its Orange clients will sign up for the service by the end of 2008 .",neutral,50
"Finnish financial solutions developer Basware Corporation ( OMX Helsinki BAS1V ) said on Tuesday ( 23 September ) that it will deliver a complete Invoice Automation solution to a large US engineering , construction and technical services organization .",positive,50
"Helsingin Uutiset , Vantaan Sanomat and Lansivayla reach some 385,000 readers , or more than 40 % of the consumers in the greater Helsinki region .",positive,50
"In addition , Lehdentekijat Oy will start producing a new membership magazine , Viisas Raha ( Wise Money ) for the Association .",positive,50
It also has potential clients in the growing environmental and recycling technology sectors .,neutral,50
"Kone 's factory located at Ayanambakkam , a suburb to the west of Chennai , is a fully integrated facility which gives it the capability to address costs .",positive,50
Metso Paper 's delivery will comprise an Advantage DCT 200 tissue machine including quality control and distributed control systems ( QCS-DCS ) .,neutral,50
Net sales in 2007 totalled EUR 329 million and the operating margin was above 19 % .,neutral,50
"Nokia will provide Indosat turnkey services , including civil works , network planning , implementation and integration of a WCDMA 3G-HSPA network .",neutral,50
Panostaja Oyj s ( Panostaja ) Board of Directors decided on 16 December 2010 on a new long-term incentive and commitment plan for members of the management team .,positive,50
Stora Enso will record a capital gain of EUR 33 million as a non-recurring financial item in its fourth quarter 2006 results .,neutral,50
"The buyer aims to thus reinforce its position in Denmark , Martela Group managing director Heikki Martela said .",positive,50
The companies have agreed on long-term cooperation to mechanise harvesting in Stora Enso 's eucalyptus plantations in Southern China .,positive,50
The newspapers of Alma Media and Arena Partners will enter a cooperation agreement on using Alma 's marketplace services in their respective regions .,neutral,50
"This is Done Logistics ' largest order in Norway , the diversified group said .",positive,50
"To choose BasWare as the tools for our Financial Service seemed like a natural continuation of our cooperation '' , says Tommi Leskinen , Financial Applications Manager , Neste Oil Corporation .",neutral,50
`` We are pleased to deliver the Basware Invoice Automation solution to a major retail company in the US .,positive,50
Finnish mobile operator DNA will function as a subcontractor to Maingate and will be responsible for telecommunications connections .,positive,50
"Honka 's subsidiaries in France and Germany will also benefit by , for example , arranging customer events in conjunction with World Cup skiing competitions .",neutral,50
The stock of new machines is reasonably small and new orders bring work .,positive,50
This lays a foundation for sustainable business development for the long term .,neutral,50
The world 's biggest magazine paper maker said the program to improve efficiency will include closing several of its least competitive mills and would cover all the company 's operations resulting in annual savings of some euro200 million US$ 240 million .,positive,50
"Israeli cable network operator HOT Telecom has chosen Teleste , an international technology group , as its exclusive provider of FTTx equipment in Israel , according to Teleste today .",positive,50
Incap Corporation Stock Exchange Release 4 May 2010 at 8.30 a.m. INCAP CORPORATION 'S DIRECTED SHARE ISSUE WAS SUBSCRIBED IN FULL The Board of Incap Corporation has approved the subscriptions of directed share issue .,neutral,50
"The purchase of sites worth 300 million in the Thames Gateway will provide more than 1,200 homes .",neutral,50
"The Group brand portfolio includes the leading brand in the industry , Rapala , and other global brands like VMC , Storm , Blue Fox , Luhr Jensen , Williamson , Marttiini and Sufix .",neutral,50
"`` Thanks to my Nokia and Lulu , I am now proud to be a published His novel can be found here .",neutral,50
"`` The summer collection 2008 will be joyfully fresh like a vitamin injection , '' said H&M 's head of design Margareta van den Bosch .",neutral,50
"About Marubeni Marubeni Corporation TSE : 8002 ; ADR : MARUY was established in 1858 , and is a core company of Marubeni Group , one of Japan 's leading general trading houses .",positive,50
"ABOUT MIDNIGHTTRADER : MidnightTrader is the premier source of extended-hours US equity trading analysis , news and forecasting for the retail and institutional investment community .",neutral,50
"Additionally , retailers can use the same hardware across all tasks in stores and throughout the warehouse , providing substantial savings on support and infrastructure costs .",neutral,50
He believes that the soy-oats have a good chance of entering the UK market .,positive,50
It also recovers valuable raw material for Kemira 's water chemical production .,neutral,50
"Last year , Lemminkainen completed the Kouvola K-supermarket contract .",positive,50
Medical Devices - Russia This brand-new market analysis gives a clear overview of the actual situation and future outlook of the medical device market in Russia .,neutral,50
"Mr. Jorma Valkama , Managing Director of Suomen Paikallissanomat Oy , states that Rannikkoseutu complements in an outstanding way the current product range of the company .",neutral,50
"Now , Nokia has announced the launch of Bicycle Charger Kit that is compatible with all Nokia phones that have a 2 mm charging interface .",neutral,50
Other carriers and handset makers spin it as a positive event that will raise interest for higher-end phones and pricier data plans .,positive,50
"Tekla Structures BIM Building Information Modeling software is being developed according to a long-term plan of improved user experience , process , and functionality .",positive,50
TeliaSonera is the leading telecommunications company in the Nordic and Baltic regions .,positive,50
The company has a wide selection of metal products and services .,neutral,50
The Court 's decision will also promote genuine competition in services,neutral,50
The ore body is sufficient to support anticipated production for at least 46 years .,neutral,50
"The report provides a comprehensive insight into the company , including business structure and operations , executive biographies and key competitors .",positive,50
"The services also give the supplier opportunity to key-in invoices , receive orders electronically , to send order confirmations and to upload and create electronic catalogues .",positive,50
"This implementation will upgrade the existing system , enabling voicemail and video mail to be housed on the same platform .",neutral,50
"` For Nordea , moving into the new headquarters signifies the beginning of a new era .",positive,50
"`` Installation of the automatic varnishing line is an important part of the company 's strategy in the region of central and eastern Europe , '' said Jozef Misurec , the director of Ruukki Slovakia .",positive,50
1 November 2010 - Finnish textile and clothing company Marimekko Oyj ( HEL : MMO1V ) announced on Friday the opening of its first concept store in Seoul in cooperation with Japanese sector player Look Inc ( TYO : 8029 ) .,positive,50
A new production line is being completed for the contract production of hormone treatments .,positive,50
About Nokia Nokia is a pioneer in mobile telecommunications and the world 's leading maker of mobile devices .,positive,50
About Stonesoft Corporation Stonesoft Corporation ( OMX : SFT1V ) is an innovative provider of integrated network security solutions to secure the information flow of distributed organizations .,neutral,50
Finnish beverage company Olvi is introducing a new long drink Olvi Kultalonkero ( `` golden long drink '' ) in the market in Finland in the spring of 2009 .,neutral,50
"Finnish GeoSentric , a developer and provider of solutions , products , and technologies for location based services , has preliminary agreed on a EUR 6mn short-term funding with its leading investor .",positive,50
"Finnish Suominen Corporation that makes wet wipes , nonwovens , and flexible packaging is starting employer-employee negotiations at its Tampere plant in Finland to lay off about 25 employees .",negative,50
Swedish Wallenberg family controlled Investor has bought a large stake of C shares in Swedish retail bank SEB .,neutral,50
"According to the company , staff will be laid off temporarily when necessary .",negative,50
"After the signing , the total amount of Aspo 's revolving credit facility agreements is EUR 50 million , which replaces the formerly valid agreements of EUR 80 million .",neutral,50
"Ahlstrom Corporation STOCK EXCHANGE RELEASE 13.02.2008 Ahlstrom , a global leader in high performance fiber-based materials , today announced the completion of the acquisition of Friend Group Inc. , which consists of West Carrollton Parchment Company and West Carrollton Converting Company .",neutral,50
"Aho is proud of the company 's new product , Lordi-Cola .",neutral,50
"ALEXANDRIA , Va. , Aug. 27 -- Timo Vataja of Tampere , Finland , Virve Inget of Oulu , Finland , have developed a computer program product with activating the right of use .",neutral,50
Altimo and TeliaSonera said yesterday that Usmanov would be welcome to join the new company .,positive,50
"Anttila 's online department store - NetAnttila - has an established position as the best-known , most visited and most shopped online store in Finland  .",neutral,50
"As of August 2008 , Glaston 's North Asian sales and service region is upgraded to a new market area , North Asia .",neutral,50
"Aspo 's strong company brands - ESL Shipping , Leipurin , Telko and Kaukomarkkinat - aim to be the market leaders in their sectors .",neutral,50
Atria Group is a leading Scandinavian meat products group .,positive,50
"Atria will launch a campaign in September to promote the CampoMos brand on the Moscow market , he said .",positive,50
"BG AD , Bulgaria 's leading Internet company .",positive,50
cents Recognize potential partnerships and suppliers .,neutral,50
Certain shareholders have irrevocably agreed to vote in favor of the bond issue .,positive,50
Consumers are now increasingly interested in what they can do with heir phones .,neutral,50
EB will hold the exclusive rights to market the new entity 's product .,neutral,50
"Elisa Corporation , headquartered in Helsinki , is a Finnish telecomms company offering private and corporate customers a comprehensive range of telecomms services .",neutral,50
"Even so , Tulikivi emissions are well below some of the strictest state standards including Washington and Colorado .",neutral,50
Finnish automation solutions developer Cencorp Corporation ( OMX Helsinki : CNC1V ) said on Friday ( 27 June ) that it has completed employee negotiations regarding a reorganisation of its operations .,positive,50
"Finnish engineering and technology company Metso Oyj said on May 27 , 2008 it completed the acquisition of paper machinery technology from Japanese engineering company Mitsubishi Heavy Industries ( MHI ) for an undisclosed sum .",positive,50
Finnish paints and coatings company Tikkurila Oyj ( HEL : TIK1V ) announced today the launch of Tikkurila ProHouse method for protection of wooden surfaces via treatment with Ultra Pro waterborne products .,neutral,50
"GeoSentric 's flagship product is the GyPSii platform , which uses pioneering geo-location software technology to connect people to people , and people to places with new and exciting social community and location-specific services .",neutral,50
"Glaston 's well-known brands are Bavelloni , in pre-processing machines and tools , Tamglass and Uniglass , in safety glass machines and Albat + Wirsam in software solutions .",neutral,50
"Glaston 's well-known brands are Bavelloni , in pre-processing machines and tools , Tamglass and Uniglass in safety glass machines and Albat + Wirsam in software solutions .",neutral,50
"Harju Elekter was founded in 1968 , and is the leading producer of electrical equipment and materials in the Baltic States .",neutral,50
He also mentions that this improvement to the service follows the recent expansion of the Finnlines service from Bilbao via Antwerp and Helsinki and from Hull via Helsinki to St. Petersburg .,positive,50
"HKScan is one of the leading food companies in northern Europe with homemarkets in Finland , Sweden , the Baltic countries and Poland .",neutral,50
"Iggesunds Bruk in Sweden is one of the most advanced , fully integrated pulp and paperboard mills in the world .",positive,50
"In addition , YIT has reserved EPI Russia the right to expand the logistics center by about 100,000 m2 .",neutral,50
"In the end , Sanoma News wants to secure its foundation with the savings .",neutral,50
"In the Homeware area , Fiskars provides leading branded products for home , kitchen , and interior design .",positive,50
"In the survey , Goodyear is the third most valued tyre brand , followed by Continental and Bridgestone .",neutral,50
It has several innovative small molecule and biological drug candidates at different stages of clinical development .,neutral,50
It has sold one half of its business operations and will enter the Helsinki Stock Exchange via the back door through an innovative buyout arrangement with Kasola .,neutral,50
It is a solid credit that has been compared to a DZ Bank or a Rabobank .,positive,50
"It is positive that the company it recruited Harri Koponen as CEO , according to Affarsvarlden .",neutral,50
"It is the first oil company to join RSPO and commits fully to sustainable sourcing of feedstocks for the production of its NExBTL biodiesel , it said .",neutral,50
"Jawad Williams scored 23 points in an impressive debut for Jerusalem , with Jason Rich adding 18 and Yuval Naimi chipping in with 16 points for Hapoel , which visits the yellow-and-blue next week .",positive,50
"KONE , headquartered in Espoo , Finland , is one of the world 's leading elevator and escalator companies .",neutral,50
"Linde acts responsibly towards its shareholders , business partners , employees , society and the environment - in every one of its business areas , regions and locations across the globe .",neutral,50
"MeeGo `` learns as you use it , '' Fisher said , putting the most important things up top .",neutral,50
"More than 200 volunteers from Fiskars , the garden tool company , Home Depot ( NYSE : HD ) , the city of Baltimore and the neighborhood are working right now to create a garden sanctuary - in a single day .",positive,50
Neomarkka has played a leading role in a group that aims to restart the production of specialty cellulose fiber in Valkeakoski .,neutral,50
"Nordea Bank ( STO : NDA ) and Sampo Bank have helped Finnish real estate investment company Sponda ( HEL : SDA1V ) place a EUR100m ( USD125 .4 m ) domestic bond , the company said Friday .",positive,50
"O'Leary 's Material Handling Services , located in Perth , is the leading company in Western Australia that supplies , installs and provides service for tail lifts .",positive,50
One of Uponor 's promising future products is a hydronic cooling system .,positive,50
"Oriola-KD , headquartered in Espoo , Finland , is a leading distributor of pharmaceutical and healthcare products with 1,300 employees in the Nordic and Baltic countries .",neutral,50
"Our solutions are industry-independent supporting multilingual and currency needs , modular and applicable to companies of all sizes , '' CEO Ilkka Sihvo said .",neutral,50
"Our strong company brands - ESL Shipping , Leipurin , Telko and Kaukomarkkinat - aim to be the market leaders in their sectors .",positive,50
"Overall , 50 percent of respondents were confident about their security when banking online .",positive,50
"Poyry Energy GmbH is Austria 's leading engineering and consulting company in the energy , infrastructure and environment sector , owned by Poyry Plc. and the Austrian Verbund AG .",neutral,50
Precedex is approved for IV sedation of initially intubated and mechanically ventilated patients in intensive care .,positive,50
Press release 3 September 2009 Ruukki continues to be listed in two Dow Jones Sustainability Indexes : DJSI World and DJSI STOXX .,neutral,50
Ramirent is a leading company in machinery and equipment rentals for construction and industry .,positive,50
Ramirent is the leading construction machinery rental company in Finland with annual sales of EUR 134 million in 2009 and operating nationwide through 83 outlets and 612 employees .,positive,50
"Regulatory News : The Nomination Committee of Cybercom ( STO : CYBE ) , which is unanimous in its proposal , proposes the election of Jon Risfelt as the new Chairman of the Board .",neutral,50
"RK Group , headquartered in Vantaa , Finland , is one of Europe 's leading machinery rental services .",neutral,50
Shareholders of Rakvere Lihakombinaat decided in favor of the buyout of minority shares in mid-July .,positive,50
South America and Asia are other promising markets .,neutral,50
"Stonesoft is a global provider of proven , next generation solutions that simplify network security management .",neutral,50
Technopolis is Europe 's leading operator of technoparks .,positive,50
Technopolis 's technological centers supply their clients with modern high-class premises .,neutral,50
The company 's strength is its Apetit brand .,positive,50
The effect of the savings will be noticeable as of the beginning of 2010 .,positive,50
The effect of the savings will be noticeable from the beginning of 2010 .,neutral,50
"The group also plans to launch the 270 room Atria Grand , Whitefield , a five star luxury hotel , in 2009 .",neutral,50
"The operator is one of 6 operators to have been granted a WiMAX license in Taiwan , and hopes to be the first to launch commercial services in early 2009 .",neutral,50
The service developed by Digia facilitates the work and resourcing of health care personnel during vaccination campaigns while providing them with monitoring and management tools .,neutral,50
The shopping center will have a prime location right next to the Myllypuro metro station .,positive,50
The training modules aim at strengthening the public accounting abilities and fulfilling communal project management .,positive,50
This beauty is an updated version of her chichi loop shade launched in 2001 .,neutral,50
Tracker G400 is a GPS collar for hunting dogs allowing to monitor the dog 's position and movements with a map application for mobile phones .,neutral,50
Ulefos Group is the leading supplier of manhole covers in the Nordic countries .,neutral,50
"Upgrades include a five megapixel camera , voice control , and what looks to be an optical mouse instead a D-pad -- an upgrade click-happy S60 has needed forever .",positive,50
Uponor has initiated actions to attempt to recover the cost of the replacement program from the supplier of the clamps as well as its insurance company .,neutral,50
"With the Basware Connectivity services , companies gain visibility to an audit trail that can be traced from order to goods delivery and invoice .",neutral,50
"` Ruukki has experience of logistics construction , competence in project management and also has the best references in terms of steel frame production and installation , ' says Onodi Stefan , General Manager of Arxikon Construction Company SRL , which is Ruukki 's customer .",positive,50
` The investment in Matka-Vekka has been reasonable for investors in CapMan funds . ',neutral,50
`` Rapala is excited to be partnering with RBFF and other industry leaders on this holiday promotion . '',neutral,50
`` Small well targeted acquisitions have played an important role in executing Satama 's strategy in the past couple of years .,neutral,50
`` The flex is a small price to pay for happy lenders . '',neutral,50
"`` We have significant experience in smartphone functionality , in the development of mobile Internet services , and in uniting the two into a smooth user experience .",positive,50
"3G data subscribers are also helping to maintain these growth levels , since data-only subscriptions push for more multiple SIM ownership .",neutral,50
A realignment of interests in the sector is clearly under way .,positive,50
BG Crane has a strong customer base in the on-road load handling and related installation and service businesses .,neutral,50
"Cathay Forest 's strategy is to develop sustainable , regenerative forest assets .",neutral,50
"Chargers manufactured under the new platform are suitable for mobile phones , navigators , digital cameras , Bluetooth head sets , media players and other electronic devices .",neutral,50
"com , and we are constantly planning new ways to serve our customers online on a more comprehensive basis , '' says Matti Leminen , President of Anttila Oy .",positive,50
Delivery will start immediately in June 2008 and will be completed in 2008 .,neutral,50
Elisa will expand the use of this technology provided the pilot proves successful .,neutral,50
"Following the impact , the Altima hit a utility pole , causing a live electric line to fall onto the roadway .",neutral,50
"Further concrete cooperation is also carried out through various projects , doctoral theses and diploma dissertations .",neutral,50
"In Finland , the corresponding service is Alma Media 's Etuovi.com , Finland 's most popular and best known nationwide online service for home and property sales .",neutral,50
"In recent months , Capman has taken significant steps to simplify its operations , CEO Lennart Simonsen said .",positive,50
"Kaido Kaare , general director for Atria Eesti , says the company 's investments in the upgrade of the pig farms surpass EEK 150mn EUR 9.59 mn USD 14.19 mn in the past years .",positive,50
"Kaukopartio Oy has acquired specialized knowledge in Far Eastern operations , and industrial sourcing services are their core competence .",neutral,50
"LONDON ICIS -- Tikkurila has completed the sale of its powder coatings business to Finnish industrial coatings firm Teknos Group , the Finland-based decorative paints company said on Wednesday .",neutral,50
Nokian Tyres ' tyres are considered genuine winter tyres in Russia .,neutral,50
"Pulkovo park will be ready in 2016 , its first stage of 23,000 sq. m. will be finished in the first quarter of 2010 .",neutral,50
"Remote Phone Management demonstrates SysOpen Digia 's unique end-to-end offering for operators , handset manufacturers and enterprise customers .",neutral,50
"Renzo Piano 's building design will be a wonderful addition to London 's skyline , '' says Noud Veeger , EVP and Area Director for Central and North Europe at KONE .",positive,50
s already good position in the technical building services market in Ostrobothnia .,neutral,50
"Stora Enso Oyj said Friday it will sell its North American unit to NewPage , in a deal valued at euro1 .82 billion US$ 2.52 million .",neutral,50
"Tekla 's software solutions make customers ' core processes more effective in building and construction , energy distribution , infrastructure management and water supply .",neutral,50
Tekla will implement the renewal in software versions which will be introduced in spring 2011 .,positive,50
The annual Thesis contest is aimed to enhance the thesis quality and to strengthen the thesis culture in polytechnics .,positive,50
The company 's advantage in pricing can be seen in the significantly lower prices offered by the new unmanned stations .,positive,50
"The deal , already approved by shareholders , will be carried out in the first half of 2011 .",neutral,50
"The ten year rent contract with the right of prolongation on the existing terms , was signed between Stockmann and the owner of the shopping center in 1998 .",neutral,50
"The terms of the financing were approved by the Annual General Meeting of the Company held on June 30 , 2010 .",positive,50
"The transaction , which includes US$ 1.5 billion euro1 billion in cash , vendor notes and share purchases , is expected to be completed in the first quarter of 2008 , the Finnish-Swedish paper maker said .",neutral,50
The upgraded factory is scheduled to come on stream in the summer of 2008 .,neutral,50
This allows devices such as mobile phones to become a few millimetres thinner .,neutral,50
This PC application allows users to copy files and other data from their Nokia mobile device to their computer as well as create backup content .,neutral,50
Finnish plumbing and heating systems supplier Uponor announced a company-wide cost reduction program in August 2008 .,neutral,50
Finnish plumbing and heating systems supplier Uponor Corporation ( OMX Helsinki : UNR1V ) said on Tuesday ( 12 August ) that its board of directors has authorised the management to proceed with a company-wide cost reduction program .,positive,50
"Employing 112 in Finland and 280 abroad , the unit recorded first-quarter 2007 sales of 8.6 mln eur , with an operating loss of 1.6 mln eur .",negative,50
"IT services firm TietoEnator was bucking the general trend , holding flat at 22.70 eur , after slipping back from earlier gains .",negative,50
I thank Jarmo Ukonaho warmly for his contribution and wish him all the best in the future challenges . '',neutral,50
Those will be partially offset by a 186 mln eur gain on the sale of its Celbi pulp plant in Portugal .,positive,50
Affecto has helped SKAT to set up the platform and has previously delivered several Business Intelligence projects for SKAT .,neutral,50
"Mr. Atul Chopra , Chief Operating Officer & President , Tecnotree elaborated '' I am eager to see the continued success of the former Tecnomen , bringing Lifetree product to MENA , under the Tecnotree umbrella .",neutral,50
"Since inception in 1999 , Access ' stable management team has remained disciplined and focused on the proactive screening , selection and management of European small to mid-market buy-out funds of funds and mandates .",neutral,50
"We now have both the opportunity and the responsibility to create a new journalistic culture to serve the readers of Alma Media 's newspapers , `` says Hannu Ollikainen , head of the new Helsinki desk .",neutral,50
"`` These patronage refunds reward members that use the fee-based services that make a positive contribution to CenCorp 's operating results , '' said Bill Walby , CenCorp CEO .",neutral,50
`` We are proud to contribute to the creation of a world-class airport facility with KONE 's innovative People Flow TM solutions .,positive,50
It helps our stakeholders get a better understanding of our operations and the challenges in stainless steel business .,neutral,50
Nordea Bank has a large share and vast experience in the Nordic credit card market .,neutral,50
"One can even receive on the spot alerts as soon as jobs are posted , putting you at the front of the queue for opportunities .",neutral,50
One of my colleagues summed up the E7 quite aptly when he remarked : `` Fantastic hardware .,positive,50
Technopolis said before the protocol was signed that the techno-park would be built at a site covering more than six hectares in the Neudorf special economic zone and that it planned to invest 200 million euros in the project until 2009 inclusive .,neutral,50
"The CL51 is designed to measure cloud base height and vertical visibility in all weather conditions , which makes it an ideal instrument for meteorological applications that rely on reliable cloud height detection .",positive,50
"The company 's objective is to offer the best people flow experience by developing and delivering solutions that enable people to move smoothly , safely , comfortably and without waiting in buildings in an increasingly urbanizing environment .",neutral,50
"With Aldata , we can help retailers ensure that their merchandising and selections reflect customer demand and their evolving shopping behavior . ''",neutral,50
"`` QPR 8 integrated management system is the fastest , easiest and most efficient way for organizations all around the world to take control of their human-centric business processes .",positive,50
`` We want to serve K-citymarket customers by offering them interesting and topical selections .,neutral,50
Finnish food industry companies are interested in the opportunities provided by Ukraine .,neutral,50
"cents Scout for potential acquisition targets , with detailed insight into the companies financial and operational performance .",neutral,50
"Higher bit rates for outgoing traffic improves the end-user experience of mobile broadband services such as video conferencing , file sharing and sending e-mails with attachments .",positive,50
In his turn Fradkov said Russia is interested in adopting Finnish experience in forming technology parks in the framework of implementing the law on special economic zone .,neutral,50
"It combines a perfect price performance with sophisticated management facilities , the company said .",positive,50
"It provides customers with industry-leading elevators , escalators and innovative solutions for maintenance and modernization .",positive,50
"Kemira Coatings is the leading supplier of paints in Northern and Eastern Europe , providing consumers and professionals with branded products in approx .",positive,50
L&T has also made a commitment to redeem the remaining shares by the end of 2011 .,neutral,50
Proline Plus is a mechanical liquid handling device with a robust design suitable for all types of applications .,neutral,50
"Nokia said that its next generation mobile gaming platform makes it easy for people to find , buy , play and share rich and immersive games on a range of Nokia devices .",neutral,50
Panostaja is a financially secure Finnish multi-field corporation that creates healthy companies and company entities .,neutral,50
The company 's main shareholders Lihakunta and Itikka Osuuskunta have both made a commitment to acquire shares worth EUR 20mn .,neutral,50
The Engines in Asia-Pacific industry profile is an essential resource for top-level data and analysis covering the engines industry .,neutral,50
"The iTunes-based material will be accessible on Windows-based or Macintosh computers and transferable to portable devices , including Apple 's iPods .",positive,50
The StoneGate product is centrally manageable and suited for both physical and virtual environments .,neutral,50
The winners included the Honda Odyssey for minivan and the Nissan Armada for large SUV .,neutral,50
This bold spinning 360 red fabric design is set beautifully on Ercols Napoli sofa .,positive,50
TomTom has given assurances that it will continue to sell maps to competitors if it wins EU approval .,positive,50
We are also pleased to welcome the new employees to Tieto . ',neutral,50
We do hope that this will in the future turn out to be a novel method for the prevention of alcohol and tobacco smoking associated oral cancers .,neutral,50
"`` It gives us a sense of pride and exposure , '' said Bruce Hansen , the SVH sales representative for Wolverine .",positive,50
Being successful requires providing a level of quality that satisfies our customers and partners .,neutral,50
CDLI highlights the companies that provided the most comprehensive response to the Carbon Disclosure Project CDP information request .,positive,50
"It includes the company 's new , highly powerful , compact and scalable Flexi Multiradio 10 Base Station .",neutral,50
"It is profitable to make pulp , paper , and sawn goods in areas where the combination of these factors is good .",neutral,50
Kesko www.kesko.fi is a Finnish retail specialist whose stores offer quality to the daily lives of consumers through valued products and services at competitive prices .,neutral,50
Nokia said the outcome was a `` fair and responsible social plan . '',neutral,50
"Panostaja treats its negotiating partners , such as entrepreneurs selling their life s work and newcomer entrepreneurs seeking a career , fairly , justly and according to the law .",neutral,50
"Sami Sepp+ñnen , CEO for Elisa Eesti , says the novel network allows fast mobile broadband for sparsely populated areas .",neutral,50
"The adapter , awarded with the `` Certified Integration for SAP -« ; NetWeaver '' endorsement , integrates Basware s invoice automation and procurement solutions with more than 200 different ERP systems .",positive,50
"The company , which celebrates its fiftieth anniversary next year , has been exporting distinctive detached homes to Central Europe for several decades .",positive,50
The contract covers new energy-efficient AC drives that have been designed in cooperation between the companies .,neutral,50
"The familiar blue , white , and red HK seal has received a more authentic look .",neutral,50
"The most popular paper by far was Kesko 's loyal customer magazine Pirkka with 2,462,000 readers .",neutral,50
The smaller molecules improve the grip of the tyre at top-speed driving .,neutral,50
The social plan negotiations were part of the three year turn-around program which is expected to ensure Salomon 's future competitiveness .,positive,50
"The vessels also have to be environmentally friendly , fast , and have all modern conveniences .",neutral,50
"We have sound experience of project deliveries for large multi-purpose complexes and sports arenas '' , says Sami Eronen , SVP , Infrastructure and Northern Europe , Ruukki Construction .",neutral,50
"Nokia , which has a strong track record in the lower-end handset market , said in July its touch-screen offering would come this year and be cheaper than rival models in order to tap into a higher-volume market .",positive,50
"`` Indo-Russia trade can cross the targeted 10 billion dollars by 2010 and double to 20 billion dollars by 2015 , if trade irritants and procedural hassles are resolved , '' the chamber said in its survey on obstacles to trade with Russia .",positive,50
`` I see my new post as an inspiring challenge .,neutral,50
"`` We will continue to make it easier for users to explore services on their handsets and will work towards bringing Internet to a wider range of devices including mid and low-end devices , '' said Kallasvuo .",neutral,50
"In complying with the European Water Framework Directive requirements , the pre-treatment unit will be fully renovated , including hydraulics of waste water inception , degridding , sand and grease removal and treatment and deodorization of the unit .",positive,50
Our purchase to pay solutions enable companies to gain visibility and control over business-critical financial processes .,neutral,50
"`` This is super nasty , '' said Eric Schultze , chief technology officer at Shavlik Technologies LLC , a St. Paul , Minn.-based maker of patch management tools .",negative,50
The StoneGate UTM solution offers protection against inbound and outbound attacks .,positive,50
F-Secure also point out the logical weakness in the sequenced numbers of a card approach that has apparently already been utilised .,negative,50
The completion of the recycling plant is an important link in the chain of creating a waste management system in the Dubna region that meets the EU standards .,positive,50
"The new company will buy from Baltic Pearl CJSC a lease right to 8.1 hectares for the construction of a mall with a gross area of 140,000 sq m 1.5 million sq ft .",neutral,50
"Upon completion , Keskuskatu will form the backbone of Helsinki 's pedestrianised downtown area , linking up with the city 's other main pedestrian precincts .",positive,50
The layoffs were aimed at reaching an annual savings target of 1.5 billion euros $ 2 billion by the end of 2010 .,positive,50
A & euro ; 4.8 million investment in 13.6 % of Lewa netted Deutsche Beteiligungs & euro ; 21 million .,positive,50
"Elcoteq 's stock of orders has stabilised in the past weeks , Mr Krippl said .",positive,50
"In addition to the Indian market , the new plant will serve Salcomp 's customers globally , the company said .",positive,50
"Instead , Elcoteq has signed a non-binding Letter of Intent with another Asian strategic investor .",positive,50
The Finnish company claims to have over a quarter of a million contented Tulikivi fireplace business and homeowners worldwide .,neutral,50
"Vaahto , which has entered the deal via its subsidiary Vaahto Pulp & Paper Machinery , will supply two of the units in the end of 2010 , while the remaining ones are expected for delivery in the beginning of 2011 .",positive,50
Finnish Ahlstrom Corporation has ordered key production equipment for a new glass nonwovens production line at its Russian Tver Mill from Finnish Vaahto Pulp & Paper Machinery ( that is part of Vaahto Group ) .,positive,50
"According to Scanfil 's President Harri Takanen , Scanfil 's investment activity proceeded according to the strategy on several fronts in 2010 .",neutral,50
"In 2007 , Marimekko has also opened concept stores in Yokohama and Nagoya , central Japan , in Silver Spring in metropolitan Washington DC , USA , in Graz , central Austria , and in Aalborg , northern Denmark .",positive,50
It appears from statistics of the Technical Surveillance Authority that customers who switch service providers mostly transfer their numbers to Elisa 's network .,neutral,50
It is in line with its plans to focus on selected growth segments and streamline corporate structure .,positive,50
"Jens Schulte-Bockum , Vodafone 's global director of terminals , said the company expects to sell one to two million of the Vodafone 125 and 225 models in the first year of launch , and potentially tens of millions over the lifetime of the device .",positive,50
"Kemira will supply the additional volumes of iron coagulants from the company 's plant at Helsingborg , Sweden .",neutral,50
"Metso will provide a recovery boiler with a capacity of 6,800 tonnes of dry solids per day and an evaporation plant with six thermal stages and a capacity of 1,600 tonnes per hour .",neutral,50
Net sales are expected to remain on the same level as in 2007 .,neutral,50
Net sales in 2007 totalled EUR 329 million and the operating margin was over 19 % .,neutral,50
Nokia Corp of Finland Tuesday said it has received a unified device managment contract with Finnish operator Elisa Oyj .,neutral,50
Nokia has enough users to do just as well .,neutral,50
"Previously , Vaahto Pulp has supplied headboxes with rectifier roll and dilution control technology for Stora Enso 's mill in Imatra , eastern Finland .",neutral,50
"So , at the present time Nokian tires had the contract of tires production in China .",neutral,50
"Solvay S.A. has engaged Poyry to provide project management , engineering , procurement , and site services for a hydrogen peroxide production plant to be built by a Solvay-BASF joint venture at BASF 's Zandvliet site , Belgium .",neutral,50
The companies expect the first orders already in 2011 .,positive,50
The company also expects to sell its products in other Russian region .,positive,50
The company feels these leases are prime locations due to several producing formations in the immediate area .,positive,50
The German subsidiary will produce software development services for Ixonos Telecommunications Business Unit 's client projects .,neutral,50
The long-term contract is global .,positive,50
The members of the management team will contribute to the adjustment measures with temporary salary cut of 5 % .,positive,50
The opening of the portal is part of the expansion strategy of Alma Media 's Marketplaces business unit .,neutral,50
The solvency capital ratio of both companies was 2.7 times the solvency limit .,neutral,50
"Under the agreement , Japrotek will deliver nine storage tanks in the volume range of 1,000 cu m to 3,000 cu m with included agitators .",neutral,50
"Under the agreement , TietoEnator will provide Blyk with extended application and business process management services and an IT infrastructure .",positive,50
Under the agreement Ponsse will provide forest machine maintenance services to Stora Enso 's Russian wood procurement operations .,neutral,50
Under the terms of this agreement Lextel Group has committed to an opening order of EUR3 .75 m for Benefon mobile units to be co-branded with Capitel for the China market .,neutral,50
Vacon 's office will support its customers in Brazil and South America .,neutral,50
We can capitalize on our experience from a number of similar bridge projects in the Nordic countries .,positive,50
"With the second phase of the new Innova building , Tecnopolis presence in Jyvaskyla will increase to a total of approximately 62,000 floor square meters .",neutral,50
"agreement with SHB 30 December 2009 - Finnish financial services group Aktia HEL : AKTAV has concluded a market making agreement with Svenska Handelsbanken STO : SHB A , or SHB , the two parties said today .",positive,50
Finnish construction company Lemminkainen Oyj HEL : LEM1S said yesterday that it would build a plastic film extrusion plant for packaging materials supplier Ab Rani Plast Oy at Lemminkainen 's Kaluga industrial park in Russia .,neutral,50
Glaston also has efficiency measures in all other units .,neutral,50
"Nokia will deliver a WCDMA 3G-HSPA radio network , including the modular , high capacity Nokia Flexi WCDMA base station to Indosat .",neutral,50
"The contract traded at an all-time high of $ 50,200 a ton on April 24 .",neutral,50
"The EBITDA was EUR116m compared to EUR115m , corresponding to an EBITDA margin of 33 % .",positive,50
The impact of this acquisition to Teleste 's net sales for 2010 is estimated to be approximately EUR 2 million .,neutral,50
"Together , Yahoo and Nokia said they will continue to deliver Internet experiences that address the core needs of consumers , developers , operators and advertisers .",neutral,50
28 January 2011 - Finnish technology center operator Technopolis Oyj (HEL : TPS1V)said today it will invest EUR22 .5 m in the construction of the second phase of an office facility in Tampere .,neutral,50
"According to the Act , universities can now acquire private funding .",neutral,50
"Consumer products manufacturer Fiskars Corp. will open a distribution and warehouse center in Southaven , creating 100 jobs .",positive,50
`` We were the lowest bidders and now the final approval is awaited . '',positive,50
15 November 2010 - Finnish energy company Fortum Oyj HEL : FUM1V said today it and partners started negotiations to establish a new operating model for energy supply in the Turku region of western Finland .,neutral,50
Finnish plumbing and heating systems supplier Uponor is temporarily laying off its whole workforce in Finland for two weeks as of mid-July 2009 .,negative,50
"According to Aktia Asset Management , Finnish analysts ' forecasts for 2009 are still too high .",negative,50
After that the two companies sat down and sewed up the present deal .,neutral,50
Altimo previously agreed a similar deal with Telenor to merge their stakes in VimpelCom and Kyivstar-GSM .,neutral,50
"At 10.58 am , Outokumpu declined 2.74 pct to 24.87 eur , while the OMX Helsinki 25 was 0.55 pct higher at 2,825.14 and the OMX Helsinki added 0.64 pct to 9,386.89 .",neutral,50
Benefon 's target is to lay off temporarily of permanently up to 20 % of the Salo plant 's staff .,negative,50
"Finnair expands : Finnair plans to add more flights on routes to Hong Kong , India and Russia .",positive,50
Finnish food company Raisio Oyj HEL : RAIVV said today it will buy British snacks and confectionery company Big Bear Group plc for an enterprise value of EUR 95.3 million USD 129.9 m .,positive,50
"firm 28 October 2009 - Finnish lifting equipment maker Konecranes Oyj HEL : KCR1V said today it acquired US Machine Tool Solutions Unlimited in Cincinnati , Ohio , for an undisclosed sum .",positive,50
"In addition , nine fixed-term employment contracts will not be extended and two people will leave the company under pension arrangements .",neutral,50
"India is high on our priority since business links between our two countries is also expanding , '' Tornstrom said .",neutral,50
It moved into the No. 2 spot in 2000 when it merged steel operations with Avesta Sheffield to form AvestaPolarit .,neutral,50
"Nastola , axe 14 jobs 16 February 2010 - Finnish wood products technology firm Raute Oyj HEL : RUTAV said today that it will transfer to Nastola , southern Finland , the production of its Jyvaskyla plant , which will affect 14 people .",neutral,50
"The company 's US subsidiary Vaisala Inc. acquires Aviation Systems Maintenance , Inc ASMI , a Kansas , U.S. based airport service company with over 2.6 million USD net sales in 2008 .",neutral,50
The plans will result in the introduction of new and highly specialized manufacturing methods and also entail changes to personnel at the facility .,neutral,50
"There are currently some ten shops selling Tikkurila 's paints in Kazakhstan , and more shops will be opened continuously .",neutral,50
"There have been 15 initial public offerings announced in Sweden this year , compared with two during the same period a year earlier , Bloomberg data shows .",neutral,50
"Under the changes envisaged , HK Ruokatalo would reduce its number of industrial places of business in Finland from eight to six .",neutral,50
W+ñrtsil+ñ 's aim is to serve the rapidly growing number of vessels and increasing marine activity in the Barents Sea region .,neutral,50
` Pulp and paper industries are growing in countries like China and Russia .,neutral,50
"`` We have become convinced that we can do that very quickly , '' he told Finnish business reporters .",neutral,50
26 January 2011 - Finnish software solutions provider Basware ( HEL : BAS1V ) said yesterday it adjusted its strategy and goals for the next four years with focus on international growth mainly via acquisitions .,neutral,50
"According to preliminary information by the Finnish Forest Industries Federation , imports of roundwood to Finland increased to about 20 million m3 in 2005 , representing an increase of 15 % from 2004 .",neutral,50
"Finnish AC drives manufacturer Vacon is acquiring the AC drives business of TB Wood 's , part of the US group Altra Holdings .",neutral,50
Finnish stainless steel manufacturer Outokumpu in Degefors is planning to recruit new engineers in order to meet a retirement wave over the next few years .,neutral,50
"Finnish W+ñrtsil+ñ that provides power solutions for the marine and energy markets has opened a Service Centre in Murmansk , in Russia .",neutral,50
"Additionally , the company will terminate a maximum nine salaried and senior salaried employees ' employment contracts .",negative,50
"ALEXANDRIA , Va. , Dec. 17 -- Reijo Salovaara , Nastola , Finland , has developed a veneer cutter .",neutral,50
"Also Ruukki Construction , Rautaruukki 's construction division , is initiating employer-employee negotiations at its sites in Alaj+ñrvi , Vimpeli and Per+ñsein+ñjoki in Finland .",neutral,50
"Also the city 's insurance company , If P & C Insurance , has said it will not pay compensation .",negative,50
"And earlier this month , the company signed a deal with India-based information technology services giant Wipro Technologies to transfer and sell its radio access related R&D activities in Berlin .",positive,50
"As a result of the negotiations , the amount of employment contracts to be terminated is 13 .",negative,50
"As a result of the negotiations , the company will terminate total 5 employment contracts .",negative,50
Automation makes it possible to conduct several tests simultaneously .,neutral,50
Basware offers full support for all SAP versions starting from SAP 4.5 .,neutral,50
"Dubbed Nokia Money Solutions , company officials say the initiative would seek to bridge the gap between the banked and unbanked in developing countries .",positive,50
"Due to market conditions , the company will also temporarily lay off about 3,200 people at different sites .",negative,50
"Finnish cargo handling solutions company Cargotec Oyj said on June 17 , 2008 that it will acquire New Zealand tailgates distributor Zepro Tailgate ( 1987 ) Limited for an undisclosed sum .",neutral,50
"Finnish construction machinery and equipment rental group Cramo Oyj said on March 21 , 2007 its Swedish sector subsidiary Cramo AB will sell its Dutch subsidiary Cramo Nederland B.V. ( CNL ) to Dutch rental and scaffolding company Jaston Groep B.V. for an undisclosed sum .",neutral,50
Finnish plastic pipe maker Uponor is selling its Irish and UK infrastructure businesses to private equity company 3i .,neutral,50
"Furthermore , Novator Finland Oy has entered into a securities lending agreement , whereby Novator Finland Oy will hold directly the same amount of shares that are underlying of the OMX market forwards from May 23 through May 26 , 2008 .",positive,50
Gearing was 43 % compared to 67 % in 2004 .,neutral,50
"Glaston , headquartered in Tampere , Finland , is a growing , international glass technology company .",positive,50
GSK announced in November 2008 that it would close its operations in Dartford .,negative,50
"Headline of release dated March 26 , 2008 should read : Acacia Subsidiary Enters into Settlement Agreement for Rule Based Monitoring Technology with F-Secure ( sted Acacia Technologies Licenses Rule Based Monitoring Technology to F-Secure ) .",neutral,50
In addition the deal includes a call option which will enable Maritim Food AS to increase its holding in Sandanger AS to 51 % in the future .,positive,50
"In terms of power generation , Fortum produced 39.3 TWh of electricity during the first nine months of 2006 , compared with 38.0 TWh during the same period in 2005 , according to figures released in the group 's latest financial results .",neutral,50
"Intellisync Wireless Email from Nokia is a full-featured wireless e-mail solution that connects users to their e-mail , calendar , contacts , notes and task lists while away from the office , according to the company .",neutral,50
"It currently employs about 750 people and expects headcount to reach 1,000 by end of 2007 .",positive,50
It is also in the process of taking a seat on CapMan 's board - a course which has the support of CapMan management .,neutral,50
"It is also set to launch a messaging service in the next few days , which would enable users to access their e-mail accounts on MS Exchange .",neutral,50
"It rose by 15.7 % and by 24.8 % in Finland and abroad , respectively , to EUR 7 million and EUR 4.2 million , due to a 40 % growth in Russia .",positive,50
"Jobs will not be transferred from Finland , however .",positive,50
Kaupthing forecasts a significant price increase for printing paper in 2007 .,positive,50
KESKO FOOD LTD PRESS RELEASE 04.01.2006 AT 13.00 Kesko Food Ltd is launching a major TV campaign to recruit as many as one hundred new K-food retailers .,positive,50
"( ADP News ) - Dec 11 , 2008 - Finnish power-supply solutions provider Efore Oyj ( OMX : EFO1V ) said yesterday it opened a technology research and development ( R&D ) laboratory at Helsinki University of Technology .",neutral,50
"( ADP News ) - Nov 3 , 2008 - Finnish cargo handling systems and services company Cargotec Oyj ( OMX : CGCBV ) said today that it acquired 80 % stakes in Italian service companies CVS Technoports Srl and CVS Service Srl from Italian handli",positive,50
"( ADPnews ) - Nov 9 , 2009 - Four companies have agreed to buy for a combined SEK 5.9 billion ( USD 854m-EUR 571.8 m ) all drug stores offered for sale as part of the restructuring of Swedish stated-owned pharmacy monopoly Apoteket AB , t",positive,50
"MANAVIGATOR-November 1 , 2010-Deal snapshot : SWEDISH PEAB BUYS EQUIPMENT RENTAL FIRM CRAMO Swedish construction company Peab AB ( STO : PEAB B ) announced the acquisition of equipment rental company Cramo Entreprenadmaskiner AB from Finnish group Cramo Oyj ( HEL : CRA1V ) .",neutral,50
"Martela said plans to expand its recycled furniture business elsewhere in Finland , too .",positive,50
"Metso Foundries Jyvaskyla , Inc. will begin personnel negotiations on temporary lay-offs and personnel reductions in Jyvaskyla , Finland .",negative,50
"On the other hand , Montevideo said that having the two mills working in the area will generate jobs .",positive,50
"On Wednesday he announced that the government would propose granting a licence for two reactors , one to be built by Fennovoima , and the other by TVO .",positive,50
Singapore in May 2011 1 July 2010 - Finnish air carrier Finnair Oyj ( HEL : FIA1S ) said today it will open a daily route to Singapore on 30 May 2011 as part of its growth strategy in Asia .,positive,50
"Sonoco Products Co. , a U.S. packaging company , said Friday it bought the 75 percent of Italy 's Demolli Industria Cartaria SpA it did not already own .",neutral,50
"Stora Enso Oyj , the largest papermaker , in October said it would close four mills .",negative,50
"TeliaSonera s subsidiary , the mobile operator EMT in Estonia , has created a world s first mobile identification service which makes it possible to vote via a mobile phone .",neutral,50
"Thanks to the development of a system that enables it to trace the origin of all the palm oil that it uses , it knows exactly where and how its palm oil has been produced .",neutral,50
"The Bank of +àland acquired the private banking business , asset management , and share brokerage business of Kaupthing Sweden in early 2009 .",neutral,50
"The business goals for 2009 will realize with the temporary lay-offs carried out in the summer of 2009 , and with other savings measures .",neutral,50
The companies aim to close the deal before the end of the year .,neutral,50
"The company will also shut one paper machine in Finland and one in Austria , as well as two label paper machines in Finland for up to 10 months , Helsinki-based UPM said yesterday .",neutral,50
The current lay-offs are additional to the temporary lay-offs agreed in December 2008 and in May 2009 .,negative,50
The executive group will participate in the adjustments with a fixed-term 5 % salary cut .,positive,50
The Finnish company has also reached arrangements regarding the working hours and annual holidays .,neutral,50
The lay-offs will start gradually and will last from one to six weeks .,neutral,50
The new shares will provide the shareholders with full shareholder rights .,neutral,50
"The number of permanent reductions of clerical workers is 22 employees , of which 19 in Finland .",negative,50
"The personnel reduction will be carried out in Anjalankoski , Hollola , Jyvaskyla , Jarvenpaa , Karhula , Turku and Valkeakoski units .",negative,50
"The Segu companies and PKC 's Polish unit will form a business servicing the western European markets with `` annual sales of about hundred million '' and about 2,500 employees , the Finnish company 's CEO , Harri Suutari , said .",neutral,50
The venture recently agreed to buy Motorola 's wireless networks business for $ 1.2 billion and to deploy LightSquared 's national 4G network .,neutral,50
The vessels are the largest and fastest ropax vessels in the world that will be built by Fincantieri .,neutral,50
TN means that the handset supports TeliaSonera 's Telia Navigator global positioning system service .,neutral,50
"Under the contract , Ericsson will more than double the number of radio base stations in the Elisa network over the coming year .",neutral,50
UPM 's aim is to secure Botnia 's strategic development and investments .,neutral,50
-- Christine Idzelis EQT Partners sheds Salcomp Swedish financial investor EQT Partners is selling a majority of its stake in mobile phone charger manufacturer Salcomp Oyj to Nordic investment company Nordstjernan AB .,neutral,50
"`` This agreement is a direct result of LCC 's strategy and plan that was announced earlier this year , '' said Dean Douglas , LCC 's chief executive officer .",neutral,50
A profit is still on target .,positive,50
A spokeswoman for the Italian fashion house declined comment on the settlement .,neutral,50
"After the transaction , Danske Bank becomes an equal player with Nordic bank group Nordea in the Nordic countries .",neutral,50
"Among paper issues , Stora Enso R was little changed -- up 0.08 pct at 12.03 eur , UPM-Kymmene was 0.48 pct higher at 18.77 eur and M-real B added 0.50 pct to 3.99 eur .",neutral,50
An Android app will be coming soon .,neutral,50
As a consequence of the merger the number of administration personnel at the factories will be reduced by six .,neutral,50
"Deutsche Beteiligungs , as well as a private equity fund it manages , first bought 75 % of MCE in a secondary buyout from White Plains , N.Y. , financial investor Andlinger & Co. in 2007 .",neutral,50
Finnish construction company YIT HEL : YTY1V said it had agreed to take over German facility engineering and facility systems firm Caverion for EUR73m USD90 .3 m .,neutral,50
"Garmin fell 4.5 percent to $ 34.53 at 1:33 p.m. in New York , while Google slid 0.7 percent at $ 576.50 .",neutral,50
"In 2006 , the company intends to invest significantly in expanding its distribution and maintenance network .",positive,50
"In addition , the company will reduce a maximum of ten jobs .",negative,50
"In banking , Sampo A was unchanged at 14.24 eur and Nordea rose 0.42 pct to 9.51 eur .",positive,50
"In the automobile space , Maruti is the most searched brand in cars .",neutral,50
Lemcon has also signed a pre-contract for the purchase of the park 's entire 130-hectare site .,positive,50
"Most of the new substations support EDGE technology , which enables faster data traffic .",neutral,50
M-real plans to discontinue production of standard coated fine paper in the Hallein and Gohrsm++hle mills .,neutral,50
"Panostaja Plc today acquired the entire share capital of Suomen Graafiset Palvelut Ltd , a provider of printing services .",neutral,50
"Paper stocks were among the biggest fallers , with Stora Enso down 2.30 pct to 14.01 eur , M-real down 2.86 pct to 5.09 eur and UPM-Kymmene 1.14 pct lower at 19.10 eur .",negative,50
"pct lower at 4,442.10 .",neutral,50
Rihko said the sale will enable the company to concentrate on its grain-based business .,neutral,50
RIM has revamped the BlackBerry OS UI with the 6.0 version of the mobile operating system .,neutral,50
Rosa is one of the best-known Duckburg illustrators .,neutral,50
"'s Outokumpu Technology business will begin trading on the Nordic Exchange in Helsinki starting Oct. 10 , becoming the sixth company to list on that exchange this year , the company said Friday .",neutral,50
"Salo , Finland , 29 August 2006 - Benefon has today announced its plans to further strengthen its in-house technology platform , by licensing the complete mobile software platform , Opna , from its long-standing technology partner , Pollex .",positive,50
"The companies will divest to UPM Fray Bentos pulp mill and Forestal Oriental , a company specialising in eucalyptus cultivation .",neutral,50
The company decided at the end of 2008 to temporarily shut down its ammonia plant in Billingham and extend the maintenance period at its Ince facility .,negative,50
The devices also contains Finnair 's own application for compiling customer feed-back and ideas for product development .,neutral,50
The employment contracts of 14 of the employees will end in March 2009 as a result of the company 's previous employer-employee talks .,negative,50
The goal is significant expansion in Finland and in the northern Baltic region .,neutral,50
The merger between the two telecoms operators was expected to result in the world 's fourth largest telecoms operator .,neutral,50
The newspaper 's best sales asset is high quality journalism and journalistic content .,neutral,50
The retail chain launched in 2007 does not correspond to profit and sales forecasts of the company .,neutral,50
"The staff reduction will start immediately , Glaston added .",negative,50
The through service of FESCO is a telling example of strengthening the relationship between logistics companies and operators at the international level .,positive,50
"This rating from A.M. Best is the highest among the CIS countries , Central and Eastern Europe .",neutral,50
"UPM is the biggest producer of magazine paper in Europe , with a market share of over 30 pct , and it is likely to say that prices in the segment were at best flat during the quarter , analysts said .",neutral,50
"Vacon aims to establish its presence in the solar energy business in various parts of the world towards the end of 2010 , said Olli Teva , marketing director renewable energy applications .",neutral,50
"We bring a new , committed leadership and business and strategic know-how to the company that we buy .",neutral,50
Viking Line and STX Finland said on Monday that there were plans to build a 240 million euro ferry that would be launched on the Turku-Stockholm route in spring 2013 .,neutral,50
The personnel reductions will primarily affect those working for the parent company in the diagnostics business or in production and logistics in the liquid handling business .,negative,50
"In the Asia-Pacific region , Visa Wave is available in Malaysia , Taiwan and South Korea and will be expanded to Japan and Southeast Asia this year , Jung added .",positive,50
- The Group -¦ s result before taxes was EUR -1.9 ( -3.0 ) million .,negative,50
"- The Group 's sales during the period were EUR 37.5 million ( EUR 48.2 million , 1-9/2008 ) and result before taxes was a loss of EUR -3.5 ( +1.2 ) million .",negative,50
Earnings per share were at loss of EUR0 .24 .,negative,50
Finnish home decoration and arts and crafts retailer Tiimari Plc ( OMX Helsinki : TII1V ) reported on Monday ( 18 August ) an operating loss of EUR3 .3 m on net sales of EUR33 .9 m for the period January-June 2008 .,neutral,50
"Myllykoski , with one paper plant in Finland , one in the US and three in Germany , had revenues of EUR286m in the first half of 2010 and an operating loss of EUR12m , Reuters said .",negative,50
Raisio 's malting capacity was in full use in 2008 .,positive,50
"Raw materials prices have surged in the past year , fueled in part because of the rapid industrialization of China , India and other developing nations .",negative,50
The impact of Cableway to Teleste 's net sales in 2009 is estimated to be EUR 4 million .,neutral,50
Performance in 2006 was impacted by the consolidation trend in the telecom sector and the overall and structural changes in the contract manufacturing market in telecommunications technology and industrial electronics .,negative,50
Finnish Benefon denies claims made in the press that the company is giving up its mobile handset business .,neutral,50
During the negotiations a reduction of 21 persons has taken place through natural redundancy or termination of fixed-term contracts .,neutral,50
Elisa CEO Sami Seppanen said EMT 's slogan `` Best coverage across Estonia '' clearly gives misleading information to consumers .,negative,50
Nokia will certainly disagree with Qualcomm 's views on the patent situation .,negative,50
"Outokumpu 's steel mill in Tornio , in Finland , is the suspected source .",negative,50
Possible personnel reductions concern approximately 104 people .,negative,50
"That 's what I go to bed worrying about every night , ' he said .",negative,50
"The challenge for the company , however , is finding new sources of raw material , said Risto Rinne , CEO of Neste Oil .",neutral,50
The company initially estimated that it would cut up to 30 jobs .,negative,50
"The company will try to adapt the operations through temporary lay-offs of different duration , working hour arrangements , training and development efforts .",neutral,50
The Symbian Foundation plans to revise its procedures for testing and signing software after digitally signing a trojan for its Symbian mobile phone operating system by mistake .,neutral,50
"The third applicant , Fortum , was dropped .",neutral,50
Finnish Nordic Aluminium is starting employer-employee negotiations in Finland that concern all staff groups .,neutral,50
"In Finland , media group Talentum will start personnel negotiations to cut staff in parent company Talentum and publishing unit Talentum media .",negative,50
"According to Laavainen , Raisio 's food marketing used to be reactive and inconsistent .",negative,50
All other charges were dismissed .,neutral,50
Another problem is cola-flavoured long drinks .,neutral,50
Applying for summer work is seen as laborious and stressful .,negative,50
"As production of other products will continue normally , temporary lay-offs concern simultaneously at most 80 employees .",negative,50
"Cuts equivalent to the costs of about 35-45 employees are the target , the company said .",negative,50
EB announced in its stock exchange release on November 18th 2008 that J.T. Bergqvist has resigned from the chairmanship and membership of the Board of EB .,negative,50
"Finnish soapstone processing and fireplaces maker Tulikivi Oyj said on February 26 , 2007 it would cut less than 20 jobs from its fireplace sales organization , production facilities and its subsidiary Kermansavi Oy .",negative,50
"Finnish Suominen Flexible Packaging Ltd , owned by local textile company Suominen Corporation Group ( HEL : SUY1V ) , said today that it would start employee negotiations concerning its entire personnel in Finland .",negative,50
In addition the production personnel of the Sport Division have been given a temporary lay-off warning .,negative,50
"In December , Amer announced the dismissal of CEO Roger Talermo , who had headed the company since 2006 .",neutral,50
"In Europe , the paper industry 's situation is paradoxical .",neutral,50
It is the most awkward thing to use if you 're holding the phone with one hand .,negative,50
"Jul. 18 -- Police are looking for a man who they say terrorized three males at gunpoint on East Maple Avenue this afternoon , shooting one of them and kidnapping another .",negative,50
Korhonen was dismissed from her post of editor in chief of the group 's newspaper Lapin Kansa in December 2008 .,negative,50
"( ADP News ) - Jan 27 , 2009 - Finnish industrial machinery company Vaahto Group Ltd Oyj ( HEL : WAT1S ) said today that its subsidiary Vaahto Ltd would cut 15 jobs in Finland .",negative,50
M-real will start statutory employer-employee negotiations at the +ä+ñnekoski board mill that concern about 130 people .,neutral,50
Nokia is requesting that the companies stop making and selling the mobile phones and pay monetary damages and costs .,neutral,50
"Some 250 people , of whom more than 200 are workers , will be retiring from the Raahe Works between 2008 and 2011 .",neutral,50
The machines will cease production by the end of February 2007 .,neutral,50
The resignation will be in effect immediately .,neutral,50
They will cover all Forest Industry 's units and employees in Finland and concern temporary and permanent lay-offs .,negative,50
This is bad news for the barbeque season .,negative,50
"We are adjusting to the present situation by cutting our capacity and costs without , however , jeopardising our Asia strategy over the longer term .",neutral,50
"When the web user clicks on the link contained in the mail , he finds himself on a bogus site that imitates that of his bank , and which retrieves his personal banking data .",negative,50
"`` Neste Oil has responded to the challenge posed by the European Union 's target of biofuels accounting for 5.8 % of traffic fuel usage in the EU by 2010 by developing its NExBTL technology for producing diesel fuel from renewables , '' the federation said .",positive,50
`` The rest of this week 's tapings of Jimmy Kimmel Live have been canceled until he is back on his feet .,neutral,50
"After Chuck Smith was laid off on May 30 from his $ 90,000 housing consultant job , he and his wife had to cut spending in half for their family of six , having to rely on his wife 's income -- about the same as his -- alone .",negative,50
"He found him again , however , after the driver was involved in a two-car accident .",neutral,50
"However , the suspect stole his burgundy Nissan Altima .",negative,50
"Information system supplier Sentera -- up 24.51 pct -- was the next most heavily traded share after SysOpen Digia , a software house , acquired 77.4 pct of the company this morning for just under 33 mln eur .",neutral,50
It 's very difficult to become a Google Analytics channel partner .,neutral,50
Layoffs will also take place at the Suomussalmi and Kuhmo plants this autumn as a result of codetermination negotiations held there .,negative,50
Most of the layoffs will be in Finland .,negative,50
"Most of the permanent layoffs will be in the plywood and sawn timber sectors of the Finnish company 's operations at several domestic mills , where earlier this year it temporarily laid off some 1,200 workers to save costs .",negative,50
Temporary layoffs in these units have already started .,neutral,50
The company says it is difficult to estimate the market situation for the whole year 2009 .,neutral,50
"The dollar fell , though , against the pound and the yen .",negative,50
"The Finnish food concern Atria is about to acquire two Estonian meat processing companies , Woro Kommerts and Vastse-Kuuste Lihatoostus , reported the Official website www.investinestonia.com .",neutral,50
The number of salaried employees and group administration employees to be dismissed from the Sievi units is 17 .,negative,50
"The talks concerned about 160 people in Finland and the initial estimate was for about 35 redundancies , Fiskars said .",neutral,50
The total number of filling stations has been on the decrease recently .,negative,50
"Viking Line has also been forced to alter its timetable so that ferries traveling from Stockholm to Helsinki , Finland , only depart at night .",neutral,50
Finnish industrial group Ruukki Group has brought counter action against Finnish metal company Rautaruukki in the dispute concerning the names of the companies .,negative,50
"At present , the trade mark Pit-Produkt is little-known outside the North-West of Russia .",negative,50
"Divisional sales demand in the half remained `` inconsistent '' , it added .",negative,50
Last year 's third quarter result had been burdened by costs stemming from restructuring in the US .,negative,50
"The offer , deemed too low by Finnlines ' board , stands until 4 pm tomorrow .",negative,50
The union filed a grievance over the company 's overtime assignment policies .,negative,50
"`` The considerably weaker U.S. dollar and British pound had an impact on sales and average prices in euros , '' UPM said .",negative,50
"`` We can say that the number of deals has become normalized by the moment , and therefore we have decided to devalue our apartments now on sale , '' he added .",negative,50
"`` We see that the market continues to be tight in magazine papers , and our target is to close the deals by the end of the year . ''",negative,50
"Previously , the company also delivered about 70 % of the steel used in Oasis of the Seas , Allure of the Seas ' sister ship completed last year .",neutral,50
This ideally placed them in a position to tap into the potential of clean technology .,neutral,50
"According to Rautaruukki , the company wants to promote the use of emission-free energy sources .",neutral,50
"I use natural fibers to make the clothes more comfortable , to allow your skin to breathe and to be eco-friendly .",positive,50
"In addition , a good biological durability is achieved . ''",neutral,50
"wins 98 % acceptance 23 December 2009 - Finnish industrial machinery company Metso Oyj ( HEL : MEO1V ) said today it will complete its takeover offer for textile company Tamfelt Oyj Abp ( HEL : TAFKS ) , after acquiring 98 % of its shares and votes .",neutral,50
"`` We love Activision 's fresh , colorful approach to Rapala : We Fish , '' said Kelly Brockpahler , Rapala .",positive,50
"A light , bright and pretty addition to your life , it will also keep a few pennies in your bank account .",neutral,50
We are very proud to be able to use this kind of innovative mobile service for voting in elections .,positive,50
"The previously concluded adaptation measures , concerning other staff , were adequate for the time being , and the planning operations continue as before at the plant , the company said .",positive,50
"The previously concluded adaptation measures concerning the other personnel are adequate for the time being , Raute said .",positive,50
Bioheapleaching makes extraction of metals from low grade ore economically viable .,neutral,50
"We offer challenging and interesting employment for over 20,000 people in 20 countries throughout Europe .",neutral,50
The first ship has been delayed and is estimated to be completed in spring 2010 .,negative,50
"A local waste management company , Turun Seudun J+ñtehuolto , has planned to set up a 150,000 tonne waste-burning facility .",neutral,50
"Only the driver was left in the car with the suspect , who was kidnapped and forced at gunpoint to drive to Durham .",negative,50
"According to product manager Lassi Hietanen , building a power plant that burns mixed waste in Helsinki may not be a good idea because this reduces the production of combined power plants using natural gas .",neutral,50
"Operating profit for the 12-month period decreased from EUR2 .9 m while turnover increased from EUR24 .5 m , as compared to the financial year 2004 .",negative,50
"Operating profit for the 12-month period decreased from EUR28 .2 m while net turnover increased from EUR313 .42 m , as compared to the financial year 2004 .",negative,50
"Operating profit for the 12-month period decreased from EUR5 .4 m while net sales increased from EUR62 .0 m , as compared to the financial year 2004 .",negative,50
"Operating profit for the 12-month period decreased from EUR9 .6 m while net sales increased from EUR69 .0 m , as compared to 2005 .",neutral,50
"Operating profit for the six-month period decreased from EUR21m , while net sales increased from EUR436 .9 m , as compared to the corresponding period in 2007 .",negative,50
"Operating profit for the three-month period decreased from EUR1 .65 m while net sales increased from EUR14 .6 m , as compared to the corresponding period in 2005 .",negative,50
"ASPOCOMP GROUP OYJ STOCK EXCHANGE RELEASE December 15 , 2006 at 4:50 PM According to the disclosure received today by Aspocomp Group Oyj , the share of Henrik Nyberg in Aspocomp Group Oyj 's share capital and votes has decreased below 5 percent .",neutral,50
HELSINKI ( AFX ) - KCI Konecranes said that Franklin Resources Inc 's share of voting rights in the Finnish cranes company fell last week to 4.65 pct from more than 9 pct in October 2005 .,negative,50
Liora 's got a brand-new bag .,neutral,50
"HELSINKI AFX - Kesko Corp is expected to report a lower second quarter EPS today due to tax charges , but other earnings lines are seen higher year-on-year , analysts said .",negative,50
The terms of the aforementioned funding are considerably below the Bank 's current CDS levels in the market and have a maturity ranging from 1 to 7.5 years .,negative,50
"The apartment block will be well-located , in easy reach of the city center and close to both a school and kindergarten .",positive,50
"`` EB Tough VoIP was designed to fulfill the communications needs of military units , and we continue to strive towards achieving that goal , '' Mikko Viitaniemi , EB Elektrobit Defense Products , Wireless Solutions senior manager , said in a statement .",neutral,50
"The antibody , given at repeated doses of up to 8 mg-kg , was generally well tolerated , and the pharmacokinetic characteristics of BTT-1023 in psoriasis patients were consistent with those observed in a previously completed study in rheumatoid arthritis RA patients .",positive,50
In February the Elcoteq group sold its St Petersburg facility ; according to unconfirmed information the reason could have been supply problems because of the Russian customs service .,negative,50
Bosse added that Trygvesta does not have the financial strength to acquire the entire unit .,negative,50
Finnish-Swedish Stora Enso does not understand the decision issued by a federal judge in Brazil concerning Stora Enso 's associated pulp company Veracel .,negative,50
The 2015 target for net sales has been set at EUR 1bn and the target for return on investment at over 20 % .,positive,50
"have notified that as a result of the Company issuing 14,432,000 new shares in the directed offering , the joint holdings of Pequot has decreased below 1-10 to 9.63 % of total number of shares and votes in the Company .",negative,50
"Net sales of the Paper segment decreased to EUR 221.6 mn in the second quarter of 2009 from EUR 241.1 mn in the second quarter of 2008 , while operating profit excluding non-recurring items rose to EUR 8.0 mn from EUR 7.6 mn .",negative,50
